{"stats":{"minecraft:picked_up":{"minecraft:spruce_log":8},"minecraft:used":{"minecraft:spruce_planks":27},"minecraft:crafted":{"minecraft:spruce_planks":32},"minecraft:custom":{"minecraft:jump":21,"minecraft:time_since_rest":4120,"minecraft:leave_game":1,"minecraft:crouch_one_cm":755,"minecraft:damage_taken":10,"minecraft:play_time":4120,"minecraft:time_since_death":4120,"minecraft:walk_one_cm":2711,"minecraft:sneak_time":210,"minecraft:total_world_time":4120,"minecraft:fall_one_cm":544},"minecraft:mined":{"minecraft:spruce_leaves":15,"minecraft:spruce_log":8}},"DataVersion":3465}